"","acc.test.mean","mmce.test.mean","auc.test.mean","fn.test.mean","fp.test.mean","tp.test.mean","tn.test.mean","ppv.test.mean","tpr.test.mean"
"label1",0.889166666666667,0.110833333333333,0.563881587755705,266,0,0,2134,NA,0
"label2",0.736666666666667,0.263333333333333,0.610761857865009,620,12,17,1751,0.586206896551724,0.0266875981161695
"label3",0.711666666666667,0.288333333333333,0.565608882376034,0,692,1708,0,0.711666666666667,1
"label4",0.642916666666667,0.357083333333333,0.495038821373457,0,857,1536,7,0.641872127037192,1
"label5",0.755833333333333,0.244166666666667,0.518530441013073,579,7,4,1810,0.363636363636364,0.00686106346483705
"label6",0.650833333333333,0.349166666666667,0.549945054945055,837,1,3,1559,0.75,0.00357142857142857
"label7",0.912916666666667,0.0870833333333333,0.585459437149366,209,0,0,2191,NA,0
